emp_id,emp_name,gender,age,proj_id
125,emp125,F,24,3
126,emp126,M,30,4
127,emp127,M,35,5
128,emp128,M,36,5
129,emp129,F,31,8
130,emp130,F,29,8
131,emp131,M,45,15
132,emp132,M,27,15
133,emp133,F,23,18
134,emp134,M,24,18
135,emp135,F,28,20
136,emp136,M,24,14
137,emp137,F,24,16
138,emp138,M,29,14
139,emp139,F,30,14
140,emp140,F,34,15
141,emp141,F,26,8
142,emp142,F,32,8
143,emp143,F,29,10
144,emp144,M,30,10
145,emp145,M,40,11
146,emp146,M,42,11
147,emp147,M,28,17
148,emp148,F,31,17
149,emp149,F,26,13
150,emp150,M,34,13
151,emp151,M,36,10
152,emp152,F,21,5
153,emp153,M,28,5
154,emp154,F,27,5
155,emp155,M,26,8
156,emp156,F,24,9
157,emp157,M,35,8
158,emp158,F,36,7
159,emp159,M,26,7
160,emp160,F,24,7
161,emp161,M,23,5
162,emp162,F,30,6
163,emp163,M,28,4
164,emp164,F,31,1
165,emp165,M,29,1
166,emp166,F,30,2
167,emp167,F,36,2
168,emp168,F,24,3
169,emp169,M,26,3
170,emp170,M,30,3
171,emp171,M,36,5
172,emp172,F,31,8
173,emp173,F,28,10
174,emp174,M,40,18
175,emp175,M,21,11
176,emp176,F,28,11
177,emp177,F,29,10
178,emp178,M,30,12
179,emp179,F,35,13
180,emp180,M,34,12
181,emp181,M,36,19
182,emp182,F,38,20
183,emp183,F,40,20
184,emp184,M,28,19
185,emp185,M,24,3
186,emp186,M,26,5
187,emp187,M,29,5
188,emp188,M,34,8
189,emp189,F,24,8
190,emp190,M,34,9
191,emp191,M,36,8
192,emp192,F,28,4
193,emp193,M,29,4
194,emp194,F,34,4
195,emp195,F,26,8
196,emp196,F,27,9
197,emp197,F,28,10
198,emp198,M,34,10
199,emp199,F,32,15
200,emp200,M,42,20
